4.94600314800323	4.71038666539297	1
5.45285236697148	5.53974702713729	1
4.29260026180617	3.3673232080367	1
4.87238329371306	5.18910305326703	1
3.58243343881247	2.30920282084779	1
3.88058327758589	4.2148041997398	1
4.38911139520339	6.07563466899986	1
4.97549216610767	5.46971539115826	1
4.24173857107368	3.627118285444	1
5.28512536184941	4.23964912585034	1
4.20725114746394	3.7592040282637	1
3.11289379610626	4.50443928502474	1
5.85288844927811	5.92980132296924	1
5.19879051088228	5.31682426557566	1
4.73738940849687	4.2985154685133	1
6.21307527071337	4.42334510125935	1
3.96198214153974	3.08475407118435	1
6.23690000518893	4.06039984729949	1
4.85358814872899	4.37970150897029	1
6.83088515280003	2.29849477476292	1
5.76830114955586	4.88476744043746	1
3.83575230823212	5.21254403789227	1
3.37066189303241	6.00236741766251	1
7.7812638917013	4.61563713391153	1
4.07417381529457	5.17024502229047	1
4.54349413987752	3.94407919734422	1
4.81362767916215	2.92459250718176	1
4.02716543832095	2.35767144690516	1
6.58262923626368	2.75366595942823	1
3.73023367840474	5.11566887894988	1
4.92728742785752	3.30742288610094	1
5.59621231143887	4.37605137008588	1
6.4776469742868	2.52220445981682	1
5.01769432500414	3.28783799629973	1
5.69712634441741	3.64736714192933	1
4.8508381563867	3.99050829092503	1
5.00627826045797	4.3498307459172	1
6.56564667899817	2.43475132891043	1
4.58701486463193	1.79938736513291	1
6.68832020470266	4.55792739906216	1
4.64018615210469	4.13579424978228	1
4.69496923670927	5.50749189493934	1
4.57820548565182	4.329245128818	1
5.3122468732859	1.78649661032246	1
3.95362098982238	2.5879992272957	1
6.2256423102383	4.70853506077874	1
5.00086366755159	5.32939810837141	1
6.35643753291945	6.29556895711319	1
5.09505476431294	1.2786359197537	1
3.89201040943825	4.32977941842333	1
5.30268865640157	4.00835787290479	1
3.41912735645745	2.59057717379131	1
5.33911938266901	5.86499838205652	1
3.94387130821614	6.0386332735927	1
4.6576006285201	4.83222885304897	1
4.98756401289267	3.64635646700804	1
4.78526952798794	3.93077022411201	1
3.83408990497119	1.92426353936381	1
5.23490043077035	1.85620712368357	1
4.62314958430953	4.20527543921908	1
5.54903132653309	4.87485849373704	1
5.77689887853282	3.73356599092165	1
4.38224058457942	2.64987749069835	1
4.96281482124891	3.42010267042265	1
4.21807754966514	1.61145588052544	1
4.85840227124871	3.82395705957571	1
4.65530739480187	4.10566488633729	1
4.53990922538563	5.14631419217701	1
4.16956349216427	3.56011493857605	1
6.30340842220905	2.95154961095063	1
4.8775959670002	3.68604021769793	1
4.75205994558504	1.91020778201381	1
5.12620326404324	2.30690650719362	1
6.4185327528545	3.85774903978321	1
4.83187295075148	4.3377522023321	1
4.60869641047622	4.8833814748216	1
3.88083392022612	3.79452146609489	1
5.55753352024942	4.05954908608558	1
4.12483861573436	2.97430431198098	1
5.60663625879234	2.83975384642183	1
4.8186803293544	5.12898202508186	1
3.70243104464769	2.6543228628432	1
4.92239198453067	4.59795222417534	1
3.89724694588184	4.08936630668617	1
4.61041781220955	5.30201843725457	1
6.41881441159697	4.41938695932215	1
5.38885987988813	4.69115066905438	1
5.77928666041759	5.05656281812825	1
4.74476923767787	2.14759455002176	1
7.17173759740766	4.05330913819945	1
4.4600839976344	5.72833175082985	1
5.4435796655159	2.78463712548162	1
4.96255724348524	5.68259960745446	1
5.61921701532785	4.79710779367928	1
6.97096587533235	2.12540258476706	1
5.91919674198128	2.49265778654168	1
4.49185098160497	5.4858181492349	1
4.97187023553383	1.74405168835988	1
3.94020472892873	4.77636290634051	1
4.23226264404119	6.12182932183988	1
4.37794340777654	4.66799597101547	1
6.24248699112933	3.787907475391	1
3.83103122275213	4.59699710666666	1
4.55747052818174	4.68019978482329	1
6.35412765302578	4.81846847554451	1
4.65832935079959	5.64273965234191	1
5.57266069577637	5.90848340041914	1
5.43429956861968	3.72382640936328	1
4.24257196483136	4.38652173700032	1
4.19193879939099	4.9333115687333	1
5.04692778568553	2.69314696537783	1
4.44583684371236	2.84497386161496	1
5.82159844153478	5.05624020220876	1
4.77470197149299	3.28505152434121	1
5.07052844902158	3.41096819654397	1
4.48847961144085	4.75552662792643	1
4.70974940557673	3.49536074286688	1
4.90753149917552	3.32666811797483	1
5.5091812552602	4.16868501081706	1
4.51931956472114	3.62540993776675	1
4.44750948451102	4.00404251156527	1
4.16107309839131	5.45839407852103	1
4.40124814395721	0.0639731199365348	1
4.64252886240279	3.75671866994039	1
4.79525653704611	3.84725586258004	1
4.61638843625756	5.67601518182642	1
4.54918088434543	4.40420126912656	1
3.82840493587553	4.05373821709935	1
5.20406057645402	3.65315945009172	1
4.69690459146385	5.18074501722346	1
4.46479521741424	4.20955871536608	1
3.88301968778051	5.48158843296283	1
3.07843733748129	2.60894742348397	1
5.93472713729047	3.04906771645967	1
5.37719988368706	3.083512425593	1
6.11941479770311	3.99871436933107	1
5.28715653949937	3.82113671918863	1
6.07854530663058	3.82618818705722	1
5.20241949069601	2.08856171835236	1
3.66072930629215	2.98610334179115	1
6.94181483085644	5.19531237901251	1
4.3748601637736	4.98101500377254	1
5.88285156471356	5.14581413660375	1
5.73736186345243	4.60524688450561	1
6.28932922833433	2.34225126192851	1
5.6145788807237	5.30489168819811	1
5.38062789967824	4.6624852179842	1
6.82841230383929	4.66773777720072	1
5.5958693783028	3.98099482129588	1
6.54640047339644	2.69290566427762	1
5.46229817907698	2.75477084569814	1
5.00150984134531	5.26793098705117	1
4.46554008812151	4.18851675335734	1
4.36248050696597	3.92672861807686	1
7.28481516750958	3.31231059724694	1
4.64870073987095	4.55329657517789	1
5.79591614643596	3.7754010449796	1
3.90532627394202	3.35163292073002	1
4.12367318796814	4.19380232277564	1
4.26068121375791	4.12160604246333	1
4.635249981285	2.45010370615245	1
4.33817773375219	3.29769140452095	1
4.31943200247618	5.72303552490451	1
5.41153695884131	2.62167763877318	1
2.48838535485182	3.99133610691992	1
4.8620378063838	3.83362412075828	1
6.18186251904116	3.69201900929397	1
5.05369003063631	3.43985696509547	1
6.16517204229949	4.99677852534018	1
5.81902015374099	4.59818099952716	1
6.24703050284018	4.59659131384175	1
5.25174648640004	3.14966979086985	1
5.91859907113612	3.85806404866578	1
5.48283647615332	4.10481687254157	1
5.51543007725629	2.23940054404825	1
5.69164938149144	4.2861913901377	1
4.53101552257421	4.79310446255119	1
4.54876021262049	4.03163778610337	1
5.0535124293744	3.56323888107517	1
3.52055360699422	3.75349452006831	1
5.17259911299759	3.11076058892089	1
5.91093065492615	4.38257242605909	1
4.3339050129536	4.00599115130075	1
6.59112913781134	4.02383886579339	1
4.98926894364901	3.8039435633326	1
5.39183198652288	5.74859595393329	1
5.26091137906501	3.10974266032985	1
4.77059235253108	3.88486404543624	1
4.12562385241616	4.89932749713818	1
5.94991232059829	5.10591427299011	1
6.09890469461094	4.00183435801045	1
4.8483402889041	3.69972480832518	1
4.0796928581063	4.12768423205227	1
4.89737584434224	4.27578334337051	1
5.19481966399082	5.06321812354783	1
5.1498680952909	3.08528489176094	1
5.49537711546048	4.11961532665278	1
7.42931440747336	3.07667459526193	1
3.60169475725275	3.60904304506849	1
6.59917914377476	4.71467672603813	1
4.74043643847015	3.94010234704723	1
3.86986384154343	4.25569013973716	1
5.32283612115918	4.53189335766511	1
3.5276438101661	3.66780054128328	1
5.32710783884395	3.91726207594081	1
4.70614239533914	2.75791528922937	1
6.15773823115082	3.82929372176125	1
5.68403844156927	5.19590859022141	1
5.133657118049	4.6801357144425	1
5.92712807816452	4.28276370695262	1
4.8663657706542	2.16005280492876	1
4.46031436260564	2.76685251619055	1
5.36030102023134	2.7166043240283	1
7.3394621778611	3.18516190644635	1
6.09678734589649	5.54631976919287	1
6.05843617892838	5.45834868637156	1
5.78661679561569	3.76976906877713	1
7.18155767204738	4.04599423196873	1
4.39306346331849	3.16374165300204	1
5.29005747668246	3.26036102516937	1
5.69577219104496	4.63799243245055	1
5.95723944817208	6.28474755122336	1
6.0665847489823	2.73199785967561	1
5.84488334677545	5.13372524735668	1
4.19312913314382	5.71474071993473	1
4.14644516737052	4.49498606840963	1
6.16799416222733	5.3868059224671	1
4.91745569027332	5.08534778989923	1
4.61602614714592	5.34690670585128	1
4.14775365620488	3.50797335227638	1
5.46414317712667	3.3131812698668	1
2.28704535497349	3.84750581359674	1
5.65672354306235	3.80703680499111	1
2.96324390410791	4.53243500247841	1
4.06535619599456	5.42572376868652	1
5.78471999724426	2.03481393887549	1
5.98388554597639	3.62065017851019	1
5.46832097744998	4.02274836204776	1
4.34104090015422	3.67804076211913	1
6.77962607405532	3.27834839548857	1
5.09357803169897	4.60119963371097	1
4.56425659950308	4.0262830102182	1
5.72815208503792	5.2550618454864	1
4.38908863925977	3.27657790251702	1
4.83484426504231	3.81740396476719	1
5.43155156880027	3.25228786026553	1
4.90623611931009	4.39861924603513	1
5.9875740369938	4.8622584685867	1
4.14523303440548	5.54974734679748	1
4.41175076915292	3.80518416501782	1
3.81008624175007	3.24431592408559	1
4.39480229863456	4.28702345645802	1
4.82138724238007	3.39656975284393	1
5.81892145130858	4.69504755740452	1
3.62045928313452	4.23963336405927	1
6.13734202044658	2.52017660972625	1
5.79951439223899	2.99201046703261	1
6.49414761105492	3.72676745331857	1
3.95188111335435	2.57887228050298	1
5.61538395865804	4.32072227282665	1
4.84798264511661	2.14303793639114	1
4.24149080161838	3.3226807815844	1
3.40101322911106	4.20670383378017	1
4.41600507781668	5.46367848909029	1
4.85298381757922	4.58209019061568	1
4.11989545577837	5.64313996127453	1
5.01052425326817	3.14372851373937	1
5.17148789959216	6.09709860710773	1
4.82435781376523	4.21275118096033	1
4.66201634774777	5.41001847360562	1
5.52963989985208	5.55404796676978	1
5.61990257687053	2.17291436177617	1
6.68883863551919	3.19233636075722	1
4.10004959491212	5.19574453196529	1
4.68997910864255	3.05404175449197	1
5.13119452888509	5.13441301613382	1
4.35121062131339	4.31471077390183	1
5.57802197695863	5.18161472157215	1
5.20484531209205	4.4918441954295	1
4.08734682713318	4.72407339378509	1
3.82286421347591	4.455586693809	1
4.99999809718883	4.24768898128911	1
4.54717223228708	6.27009851279665	1
4.40084598206297	3.7495359859303	1
7.14267853229964	3.72772797681795	1
4.96824081612941	2.95575009183241	1
4.96106017463859	4.81532624903484	1
3.13448376833382	4.53790959198466	1
5.8463978889248	6.0724455121372	1
6.09898725637448	3.11074158661324	1
4.45425123859386	4.36867820631797	1
5.48908869414579	3.73200856072665	1
4.64084447995961	2.55669538678079	1
3.88158430328012	5.03255141123148	1
3.76863069382136	4.32216461400932	1
4.838552398299	5.48686875819693	1
4.0036074533448	4.69722752268598	1
5.756428432274	3.61810257378978	1
6.63150941420829	3.39938442255252	1
5.88292848051066	4.5752768210889	1
5.42777824828684	4.78388914199799	1
5.48296251602439	3.91243581959115	1
4.56445522912654	4.71039804889045	1
6.36687628899289	2.98054553565453	1
4.2462141155969	3.30188823802343	1
6.29038328275106	3.54779550143493	1
6.59134951406898	4.34098283042005	1
4.95165749814466	4.6303316076048	1
2.25689629118331	3.39149080585436	1
5.20955569485642	3.57142352636643	1
6.6825317239213	3.47661066732081	1
3.12179182016999	5.89136299813975	1
5.14913382891075	3.24129769961304	1
4.25756400652867	4.28990359569061	1
4.81099597181662	4.48117330790561	1
5.62152725992348	3.27524160614739	1
6.17152783680248	5.35501148213213	1
4.58943574022448	3.709576646608	1
4.32838165582692	3.52161658088158	1
5.85262772615385	4.29945318469861	1
5.3450979324229	3.20044467930205	1
4.42416632886025	4.31150769210289	1
5.64607961903736	3.11363389507379	1
2.94895884555255	5.2166711817851	1
5.66489301363669	3.42980276939988	1
3.87919337239157	1.65936430585683	1
5.65472374762792	2.40226216640524	1
5.64138620961987	2.63887428727064	1
4.83748513803562	6.11885407811692	1
4.81092433198287	3.02102299299855	1
6.21114532504677	4.45089994686464	1
3.89583723109718	3.56282489966955	1
4.67687397349177	3.13003416979349	1
4.95646958668342	3.18996833748944	1
3.99613842075677	3.57478764629679	1
5.81349489143548	5.77639614900372	1
4.80134848459717	5.10125113403278	1
3.38929116600919	4.27226233239765	1
5.36028699667827	2.97560715643362	1
5.75666348880283	3.51036607283644	1
6.2312521865561	5.23171044372941	1
5.4751157580271	4.63892523751529	1
6.42452389377447	4.59009917096121	1
6.04317890758066	4.34418867770122	1
4.39881492509898	4.05941292912484	1
4.49780143366268	2.96565497036972	1
3.84178626078616	2.37730568783609	1
4.19534524376951	4.98163298307991	1
3.17974632966621	4.71242221492652	1
4.61191414858845	2.58988790522162	1
5.23788390577118	5.42154924948079	1
3.71280614586999	3.86650446967236	1
4.38355977229399	5.2315946088858	1
5.40278927311516	3.1345324594467	1
4.31107187272646	3.46140643234449	1
6.24272452681809	4.24049457101257	1
5.49002933195778	4.03968580345769	1
5.02910624054634	5.06170119215921	1
6.12608650370546	3.39332990227337	1
4.17982603180007	2.53377114665117	1
5.87874842998113	2.6838989117617	1
5.52203117821392	3.68449044747571	1
5.31992857154056	3.90560822859125	1
4.4608108216346	1.25766238760324	1
5.99159192801168	2.48990171023914	1
4.66748630783722	4.51242631229324	1
5.98095162306651	4.56978190375461	1
3.61779188890092	5.11521068788476	1
5.15803529565797	5.46658498179274	1
3.40133726075901	3.01187431123899	1
5.45711156119127	4.26447512349443	1
4.28571231173272	3.45958765946587	1
6.82996209761474	4.88400019489321	1
4.98740147393076	4.74198042838508	1
7.63987804969169	3.67911744419508	1
4.86874710213928	5.87740970079295	1
5.91358692858422	3.80220090879265	1
5.73176995937413	4.02832778854532	1
4.41439167128451	2.97487206756413	1
3.5954010640829	3.82913203478489	1
4.93486928069368	3.36869669539172	1
6.72813728622157	5.62095613375914	1
4.95674533492167	3.85517303195913	1
5.61788197842532	3.22917166172706	1
3.7967279538537	3.46814556742284	1
3.90775243867794	4.55979280515397	1
4.24617388496365	4.11436256411453	1
5.0645057139189	3.33846326588884	1
6.51521620099201	2.78465644368258	1
5.06805921591612	3.1259012193464	1
5.94307444891252	5.3455791731358	1
4.30730151473094	4.32108166975291	1
4.77900501690437	3.65426442424544	1
4.91932133001393	4.3748004220623	1
3.86979498412087	3.19930208062894	1
4.95357714223653	4.60701640526574	1
5.02914300720484	2.62695118199604	1
5.4863366821282	4.76641119705384	1
5.51910525015015	2.72785281720578	1
3.90484510674466	3.48049663774477	1
5.27436110034318	3.52020620452376	1
4.07139271906092	3.80321540212211	1
2.60001352689609	3.4491446651764	1
4.7420459195182	4.61230123271169	1
4.93196952237901	2.65999045330577	1
6.41883399477321	5.62716274255251	1
6.66633797724722	5.44321627485278	1
6.35193975605055	3.39858938452518	1
5.11140237973467	3.38275669843939	1
5.83333484522459	4.30050131866683	1
4.92295675377471	3.55919287902745	1
3.15488211250441	1.57647889421463	1
3.99981695441321	4.43608265934804	1
5.25674008606358	5.32244439056273	1
3.96338551615839	2.88033504840906	1
3.25780505648776	5.69034389627024	1
6.21331423250809	5.0769512090523	1
4.92520334318047	4.73231882758658	1
5.36530978190507	4.82565609888096	1
4.19706221213331	3.51085332962909	1
6.19435738558946	3.39073372395223	1
5.03007492156267	4.9303780920451	1
4.93266654446976	3.01670653704488	1
4.62647289487431	3.30546989079014	1
4.69858851075455	6.1201153426343	1
4.68680477198673	2.5477693242533	1
4.07009804098629	3.46030147605451	1
5.56201169607202	3.98037215157198	1
4.61801852633011	4.15954881881966	1
5.58128146153618	2.93460284974382	1
4.82279572583465	4.4066613104671	1
3.91721924325649	1.88030312084303	1
4.15447976264329	4.89796364778879	1
4.07640993904581	3.69025220020685	1
5.51336821619843	2.55713372490223	1
4.44503515856158	4.73827368746342	1
3.90752201223054	3.62808789893504	1
4.24821388747381	4.37994900821196	1
5.76311101161552	2.26944865936274	1
6.60323315784556	3.6223207367796	1
7.44828024691584	3.37362160225294	1
4.28072314068596	3.84201538099093	1
4.11911032830905	3.76023662865265	1
5.12472813098442	3.04993469160555	1
6.56432343960399	4.09063066212773	1
4.74914836500147	5.26415268802716	1
4.10561383813798	4.33454961786738	1
3.99749581139939	4.96305025397201	1
4.74729186271792	3.73450663966657	1
4.69510718039559	2.29673518618167	1
5.27283710789328	6.43505892784714	1
5.28670409321972	2.11335192042768	1
5.43055409530096	5.79821580084296	1
5.39548756540391	5.39033374968174	1
4.67170282476194	3.19686562061561	1
5.07343548189904	4.2376718602919	1
4.86978997115561	3.43843183277969	1
3.15587563711562	2.25376605010467	1
5.05379728720388	2.44915164043605	1
4.46306683260164	5.23521696659499	1
4.03867444781383	3.02116324600683	1
4.28577874237272	2.01157435657138	1
5.79045969375905	3.46041284074939	1
5.88237073934192	3.4361139842724	1
6.4823127920262	4.40122492628335	1
4.83766475277167	4.54221201845056	1
4.52416860126127	2.38656154196335	1
5.85974880370738	3.93905434291671	1
2.75976060410683	4.27326770177053	1
5.3694511835137	4.54465448548571	1
3.32228588135543	4.57780609279512	1
4.68420608146404	2.36827783764784	1
5.44147372885803	2.13896850968526	1
4.66855038735019	3.11775922966448	1
6.02352393074986	5.32680469405106	1
5.84410651294	3.90854789985623	1
5.01615337031787	3.68435333637562	1
4.85348746266277	3.37691831817024	1
4.67722718852964	4.16016894115788	1
6.69322082581564	4.09810117521794	1
5.57899408747816	3.45089725522261	1
5.61878654589651	2.83868946721549	1
4.86190079429953	1.85591331660581	1
6.95032202217436	4.92554793036788	1
4.65210248546334	2.73349655709801	1
4.54693318049051	2.75606427627977	1
3.69799597908027	3.54611450559175	1
5.91697594963518	4.32657608019411	1
5.09923538359867	2.92411028832911	1
5.52960696118836	5.79249341175146	1
4.19665543153233	4.64078856197904	1
4.06163889397169	4.96264483425491	1
6.1169737743124	4.32528897291572	1
5.55595935082916	4.07666265862572	1
6.3923655024498	4.83706184759864	1
6.25549609579494	3.13086079635745	1
4.20646053850684	2.93849991051295	1
5.29730958327662	3.46351991640863	1
5.46998138121648	3.32872867292418	1
6.16926153810381	5.06055947957103	1
4.21701507944262	3.86012030059219	1
6.43617903769857	3.93783077348474	1
5.13647068194568	3.95040244291801	1
6.0462203146561	4.1076695668031	1
4.05817251462658	5.13688193374755	1
4.84340902267882	3.84243931156317	1
3.29254824860104	6.01146462987772	1
5.66498645507424	5.60813493052894	1
6.28957496025571	3.06749383516603	1
3.48408649405325	4.05882030946006	1
6.12922234402871	3.72812310107784	1
6.19984082037171	5.50457311184447	1
3.97579100224872	2.67595802215069	1
4.49097699918616	1.97617131370485	1
3.58072569429079	3.85499224308206	1
3.62146269891253	5.96231675627516	1
3.94209392571983	5.31596916922583	1
3.92811152951909	4.5759976350907	1
4.66209076481921	2.14458150828475	1
5.48976242267216	5.38511922894798	1
4.55225065466959	3.07905086790615	1
6.20314862561314	2.27875044459783	1
6.96010364644203	3.14850905037182	1
4.81468626530715	5.00641612478768	1
6.47077842830911	2.18191092912285	1
3.89375469724156	4.72273597015929	1
4.81603858016363	5.15559033296672	1
5.32574289900389	4.45107196523436	1
2.57920580493665	3.23540552381526	1
4.55032105100865	3.53903801818274	1
5.69799511063102	3.5732302185163	1
6.12651658852894	3.05738464901826	1
5.91015869406331	6.47010924604094	1
6.80707613248072	4.13735990759081	1
3.66720324884596	3.24587802060411	1
5.67325685254395	4.99994195017026	1
5.91796396403708	4.81731669605302	1
4.29439217186572	5.07879432940323	1
5.23504126980228	2.17398709110299	1
5.02371288340673	4.16081687152317	1
3.93478063023042	3.73124357493246	1
4.92901774529731	3.4233020987243	1
6.40730640767823	4.79277134630464	1
3.13687476563479	5.01238726029482	1
6.93076540559065	3.79492785638352	1
5.38170428576409	1.89124586288264	1
5.03132035984189	4.8704872923446	1
4.25275094273324	4.13649522436921	1
5.51375133868327	3.75498449633065	1
4.36080800393444	4.21338175748022	1
6.36388356419714	3.96744263487711	1
6.10876729417546	3.53860828337662	1
4.9679134455024	6.05443747446278	1
5.10567469192307	4.92935191868782	1
5.61300007193242	3.63546402888305	1
6.73949229969422	4.01782275268049	1
6.43328891579167	4.04359539773357	1
5.7450448289834	4.04618870787021	1
3.82243613511499	2.9240622194335	1
4.5885905391797	4.79044019190958	1
5.49593932303739	4.26369026849498	1
5.59657197603872	5.02191992658377	1
5.68746937102368	4.00999797912404	1
5.0858703717125	3.58504275732627	1
6.01629423383204	4.88596176288498	1
5.1603010922671	3.07051050340124	1
4.39772083055207	5.55837146588531	1
4.68514246538871	4.90255039064999	1
5.33106774441486	6.69460164356923	1
4.41298889238164	2.16714427656642	1
4.28336594066917	3.09378540369665	1
4.85256523908076	2.77432787749445	1
3.81461680393191	2.89280667036118	1
5.34187848485291	2.97374979651958	1
5.21454398181892	2.37030812303433	1
5.21013757777911	3.03113978695317	1
5.71204007738684	4.06533945632752	1
5.94889873700163	4.35276087859439	1
4.84184502855932	3.52388478725944	1
6.12459488732785	3.13331146187892	1
6.11432756015899	2.619192081794	1
5.30343488860097	4.04746772832706	1
6.96078848025458	4.49282018511818	1
6.42233552660606	3.36478549532371	1
6.75577595205488	4.33901243824132	1
6.22180537884831	4.88757661394322	1
5.97138697782349	5.27826795916188	1
5.22411017162714	2.82548528199191	1
5.72355261780474	3.52923712287403	1
6.08494580892281	2.87340334110318	1
3.99457748564879	3.26874171062864	1
4.23671829198868	3.79207266460129	1
3.8797294283195	3.6507025702726	1
5.59479447583851	3.24387963019588	1
3.89213818030876	3.35306974865256	1
6.17839019878211	3.74906833538307	1
2.52906277524982	2.16623570445489	1
4.83357410547884	3.32428037565535	1
5.15517646039816	4.18651106691223	1
5.65064424806281	4.40619718982851	1
4.40377387796578	3.44813961332203	1
3.75415504486724	4.85609991913249	1
4.14324846787993	2.45926023585459	1
4.96811951464917	4.21127452479076	1
4.32703175481978	3.64297814942168	1
6.03230760997496	3.77865019520115	1
5.60296997216441	3.00005311742374	1
6.00294694095473	2.53386997426173	1
5.82623097432265	2.69225766227132	1
6.28439954274591	3.43589180072486	1
4.70158540681255	5.44350578039613	1
4.73201617870454	3.97661425140832	1
5.89387424752064	3.06039812553753	1
6.82758902836111	4.38971236294975	1
8.0573193125722	4.16662756866582	1
4.87688052805136	4.45673416457128	1
3.99593543114128	3.38932315504864	1
3.79518322083869	3.59135134771174	1
4.9318369005071	5.95783995160328	1
4.90371838752113	4.35309812190718	1
6.03240492325331	5.24099004964184	1
5.21991042049356	1.73377180450826	1
5.44837058010375	4.03219783832776	1
4.67470888338482	3.85497797674912	1
3.94266249574179	4.14349823311543	1
3.85984926966908	3.88318557763721	1
5.13259107148408	5.66046907369327	1
5.75271181146646	4.50365118119175	1
4.3118392521887	3.47804290217161	1
4.14270856358652	4.4877008767828	1
5.61819678547866	4.5102839149324	1
4.61734658023613	4.71008209324765	1
5.83060663870912	2.10510388199364	1
4.70178658701661	3.7074307750374	1
4.44572781628939	5.10865392756899	1
4.63160447830434	2.89232821894699	1
5.13723026067352	4.30234460582798	1
4.38877499450291	3.83729950371306	1
6.56176420550553	5.02613092172666	1
3.7444729400325	1.19078634003536	1
6.43687870389793	3.99854920819868	1
5.27653524764252	3.4001018012834	1
3.18197346327987	5.53115828085985	1
5.84506847082207	3.84254895361879	1
5.53961601497215	2.74526752734729	1
4.44536423169293	1.68561681140171	1
5.95743245395286	2.97513499822058	1
4.5668572727052	4.2613717617204	1
3.61479897715871	4.23083498012723	1
5.51165534185498	3.84321161619761	1
6.58632394452488	2.21074248021343	1
4.18649691512172	2.31984974535021	1
5.10775234540649	4.39496872668172	1
5.66139717092301	3.68378178629506	1
5.88389191685602	5.28859200576121	1
4.77489040171649	3.30719827051132	1
3.62058506628951	3.3605026949623	1
4.47760358117144	2.9831105671592	1
5.60083002579266	4.15185106620591	1
5.56810766462134	3.22089073210897	1
4.03487296276422	3.40886480880831	1
5.64721224058006	4.18678914084035	1
4.05742808631358	3.9728877621989	1
3.10207805728702	2.38989951158213	1
4.04327674805149	5.19070616196737	1
5.50245635341909	3.01457120999416	1
4.41309506904668	4.43139803259937	1
3.9447069585249	4.74029103186199	1
4.18013684676511	6.36260303066718	1
4.82882236133641	3.4649280560474	1
7.04405184746264	2.82491464007249	1
4.67058758456549	3.3064144632251	1
4.99806254868655	3.1219672983854	1
5.49290494731512	4.85585978552056	1
6.03596828193007	3.55821762409586	1
7.0397288637403	5.64278042864635	1
4.67957790330956	3.87338612601516	1
3.70628875232336	4.24051457630337	1
4.6551006608888	5.22861616932262	1
5.11848205298853	5.06288668502072	1
4.74745389162577	3.89857624060888	1
5.33939083885708	5.81108023222273	1
3.87687822593239	3.98957187370963	1
3.56911063883466	4.28792953726381	1
4.64331909201185	5.04835952467761	1
4.56385234417627	5.22811361436196	1
5.73980823947326	4.95511443421336	1
3.9636160327814	2.08982196146005	1
5.47497500293424	1.80011614652957	1
4.68058511726543	5.28657891379839	1
5.59821339346125	3.71121297730517	1
4.33846420422262	3.97996924600121	1
5.11655621369408	3.37196721664141	1
4.40484631732524	4.79598956802094	1
3.713926058442	2.77634163041698	1
5.44295379261294	3.39902266521881	1
3.92388435875813	6.54990172872274	1
4.08061965250747	4.07565991462871	1
6.15562580451597	3.98071337653426	1
5.63450324959146	3.63051983717486	1
4.65511175810774	4.52031132885701	1
4.49186508770896	3.08053348217966	1
5.08856599746139	3.24254475430959	1
4.07991036171523	3.58605680635344	1
7.05362694875193	5.14321381347653	1
3.47287118141051	4.9651881375117	1
5.88880502192482	4.87887219096172	1
5.6893615198346	4.73398427496941	1
4.27377885518286	2.84866552516994	1
5.55675752935544	3.06922773373085	1
5.2801087722983	2.01120550112735	1
5.56230472136487	5.48192617585823	1
3.97326085105706	5.45547756730843	1
5.40466201020385	2.26461199851372	1
5.08715912905698	4.36671441578085	1
3.56392985288481	3.81646236724229	1
6.138715880971	3.5010887306722	1
5.19729849112504	3.29260790589727	1
3.18551364178135	3.04276938304149	1
5.17479855039713	3.53539713002216	1
4.09939714845194	3.92313911754425	1
5.77373977306752	1.77989683861118	1
6.02792643865472	5.89459959043335	1
7.01757498537228	4.41293983940799	1
4.91427409788523	2.36764349900934	1
5.02427701360788	4.65339560368491	1
5.78479465780503	4.21816911052185	1
4.77809607532484	3.28961222128339	1
5.67169047856704	3.90111430244481	1
5.63023523709828	4.59444320791575	1
4.92886104609726	4.89368795684187	1
5.08389047730185	4.18771367445416	1
3.98220483258637	3.31711350539919	1
5.57784987248034	3.2494574900563	1
4.25921424668603	5.63972599359411	1
6.55222357344663	2.61201435796008	1
3.83462669136718	4.3111114500742	1
4.37272523916612	3.47548643973265	1
4.22238299119519	3.76133741292093	1
4.74710371413696	4.97383174722332	1
3.20738985774031	5.19030909668003	1
4.43766915874529	3.60490478695386	1
3.70435979431857	6.16768161262094	1
5.47890746789805	4.88452176762337	1
5.19888595946426	4.85477170602615	1
4.47117808353668	3.5706874788971	1
6.25527220236989	5.33986497890748	1
4.34982051737722	6.07515803924631	1
6.26873808112884	3.27024339454417	1
4.69597045359141	4.31325815417815	1
3.69176484034109	2.67100783600893	1
6.50496919459598	5.05933139272733	1
3.81100098446556	4.35907131984338	1
4.88230807583153	4.06499758358502	1
7.33317318251688	4.54234945978863	1
4.71580013808362	3.56512009384824	1
4.20170126414634	3.19468030874039	1
3.02025242005975	1.5460377848902	1
6.64353529855444	1.46281569489491	1
4.6097089457671	4.77771410197458	1
4.64388726458945	4.36616988622681	1
4.32442576202489	5.27015819192246	1
6.56548302949498	4.29204123472818	1
4.53639042605754	3.18402358140507	1
5.63735307221059	3.1397910188275	1
5.45009018528128	3.47939927493613	1
4.54177732336622	4.15093314998523	1
4.99998137730647	3.79896678733209	1
4.09230667104887	4.63868261031293	1
5.38585125454768	4.06613300841173	1
6.09487886063274	3.81849352886794	1
4.86406649819461	4.05956215725724	1
4.03480854016251	4.68761296290311	1
3.02488501397423	4.92233068043302	1
5.75904705357799	3.94963717086691	1
6.07971098451472	4.82719579191373	1
5.77155662332019	3.47224591913254	1
5.69796949072159	4.54053462819578	1
4.65426485457869	4.78560822246363	1
3.47479813922846	4.19137215877134	1
7.44091981545075	4.52993863732042	1
3.73210211641272	4.3267377304839	1
4.7346377978218	4.35190024946316	1
5.73610041684836	4.80207562353404	1
6.60055472781642	2.80083465667395	1
5.31960694995875	5.45193639879032	1
5.43188945240961	4.01221036645114	1
5.16133432740784	3.26650909647879	1
4.80318971605971	2.21770012530971	1
3.01178500551951	4.11567965701653	1
6.85450328633458	4.30302876461443	1
4.36968753063256	4.3765688948347	1
5.7374388051969	3.06012791511034	1
1.9915464579628	4.49576221504095	1
5.67007361887515	5.89894284881669	1
5.46571409938924	2.8116841661855	1
6.48057770885884	4.9498550402637	1
5.74977479956276	3.52114600849198	1
4.9767488564639	3.53467520004215	1
4.11050012407464	4.23332487657752	1
5.22328661805809	3.72639346289081	1
4.6221804171353	4.3975006979126	1
4.22941095123038	3.9685263535434	1
4.78607147515368	3.12348626682582	1
4.78538582780728	2.06281945188387	1
4.08534479091535	4.38814654816288	1
5.18315679842265	3.42317235313815	1
3.19614455399551	4.70662966403152	1
6.62354194476396	4.8231086327705	1
4.53062527628135	3.96896879532661	1
5.24447783308762	3.71777289529016	1
4.55544158306613	4.66571103294927	1
4.43021110964355	4.863637942921	1
5.73051938774617	4.4746958608895	1
4.87730800360912	4.84147183688871	1
4.57372346465691	3.36251956645437	1
4.80741463933566	5.06009155198594	1
4.0245907947138	4.70561140073012	1
5.55899102403872	3.9418700219434	1
5.5323235796501	5.38594048507112	1
4.97329119711774	3.6200619535217	1
5.61083850039312	2.99585859285092	1
4.56168922266893	3.45666997020792	1
2.79983839624299	3.26671351042093	1
3.48091972345764	3.77081892298935	1
5.72509737342457	4.41915981288622	1
2.67923589899465	3.25779498350242	1
5.9897572630305	5.67424729520948	1
5.09202481669092	2.62274031977496	1
5.07005795710287	5.15035504473819	1
3.57351034295781	2.6147784739786	1
5.27814039400809	1.92208529152197	1
6.49783941449764	4.91844981068026	1
6.19723591938556	3.10551232055182	1
4.86216133588332	3.81477654506754	1
5.35842120482767	3.12792501324844	1
6.63205598547722	3.46351292172056	1
3.73561423295977	3.75901742491691	1
5.94641418370831	3.58402407230048	1
6.54611083477693	1.59529600386921	1
5.40692514522458	3.85991127988712	1
5.60211960003885	4.35282731913209	1
4.72732482549102	3.447199977385	1
5.46900718820445	3.32429169122481	1
5.6826444489272	2.97058126186901	1
5.28328010800752	5.49003915740622	1
5.28755360422271	1.9333145778658	1
5.88024831584225	3.94979776635804	1
4.01838858661213	5.57109657119309	1
4.20942037736208	5.38868037321269	1
5.4505378282123	5.0824678101206	1
6.20027402545165	2.76295814296757	1
6.29779353397582	3.70566176642561	1
5.81290881853474	2.41937618133015	1
6.003547095329	5.46955667473179	1
4.16471011003019	2.68418350456546	1
4.13178264345705	5.2517445542076	1
5.07830763102617	4.20729080184827	1
5.39610036304835	3.3421444816079	1
4.76547517531137	3.22386910639242	1
5.34766978874456	3.23499589104695	1
4.42126668872308	3.98768902917728	1
4.62306236858041	3.34045680700155	1
4.62276035436766	2.78759515733551	1
5.68874574863666	4.49436773544665	1
5.76251502400947	3.54782978588292	1
5.57618285673641	2.80704774719656	1
3.96630078307261	6.06359661100873	1
5.55968499801166	3.08863578641744	1
3.75992789494329	4.59165480100664	1
3.85410759026311	3.46368807623629	1
6.2081168432528	3.31198945760017	1
5.54742952549624	4.82079026013972	1
5.01566261265953	4.63932649179172	1
6.19164460992657	3.5944706575687	1
4.81016993530139	5.06336758303367	1
4.30681594273875	2.60344764978274	1
5.66447083433941	4.13884802415598	1
4.39576043748762	3.72431833143438	1
5.06380074394569	2.08076972653742	1
4.67097050716032	3.92478765474417	1
4.57537866220071	3.18608392604156	1
5.07591085137363	5.34379484500854	1
4.82851368103626	3.49729347053793	1
4.88557520055657	3.70964092917545	1
3.94645268489418	4.56061315991657	1
6.73471636858391	5.44177627820795	1
4.74734084750361	3.80004558431519	1
5.37632129660259	4.89837963181216	1
5.62376658643344	3.22893958640776	1
5.35013862223038	3.00839183150731	1
5.619367626795	3.8794010189775	1
5.64481868560484	3.33363412319818	1
5.21867061130487	3.9841873332234	1
2.64039637374835	3.45533244443752	1
3.52228874458836	3.70090709025675	1
5.58666657781401	5.67391351114735	1
5.2849204505879	4.89034125660222	1
4.56306890940166	4.13832653211342	1
5.49382955539503	2.33389374230571	1
4.04290207112838	3.68483024406595	1
4.87013940773635	3.86493801862607	1
5.31961048958639	4.31706581252268	1
6.06414874226913	4.98602193137674	1
4.98853068130681	3.58075143242071	1
5.00670549352047	3.55628357827806	1
4.53183842145083	3.74403633582944	1
5.5236987282767	4.62484156917899	1
5.50940912800802	3.82795427303931	1
5.14959618760626	3.05776043732174	1
5.02489191668545	3.15053318635558	1
5.05884893470503	3.28592939471655	1
5.58661701174703	2.92412431782072	1
4.99180237824916	3.64522834430085	1
3.90170573473052	4.0658905998175	1
4.56975053596449	2.00632405131419	1
5.61981732561503	4.06776281832239	1
3.11251248480369	2.32073443667207	1
3.96025951699864	4.56409819505567	1
5.24436949736904	3.76936427189132	1
5.27818176996864	6.25006272664508	1
2.86133067546637	3.37319808675901	1
4.63756520743343	3.97120110449471	1
6.26532048194813	3.21056351291244	1
6.3938928245185	3.75684196793375	1
4.4435580829312	3.15136614382067	1
5.20942164781908	4.07061566538005	1
4.55329843684595	5.03669028987258	1
4.40653032300385	4.44242002466796	1
5.17504305984229	3.82181380494624	1
5.37895363429628	3.2064039213229	1
5.64626857782944	2.31743145174071	1
4.34671347106265	4.92932538814113	1
3.31796066907414	4.18663546994515	1
3.32002544773834	5.22483802061372	1
3.22471944968342	3.23096155729285	1
5.80508984085689	4.39237699943584	1
6.83952828666072	4.86682952645617	1
3.94756564131157	3.89600980976502	1
3.87325484641814	4.32331483082299	1
5.24296075205037	2.57431724660058	1
5.33745132613343	5.10323612766492	1
4.59067185993863	4.39172735695564	1
4.6372406685324	3.86821262884236	1
6.63377744444461	4.36699143247636	1
5.99226123590457	5.74373138002709	1
4.73911699764612	2.9118687051816	1
4.7692160905403	2.36424229542955	1
4.11144615552239	4.3922089838819	1
4.31836416142586	4.77476047359752	1
6.67334063063717	5.10505116666522	1
4.10044396275302	3.81373227171531	1
5.24942775246581	4.42300782676678	1
6.07690291844171	3.70879591845906	1
4.26549974091736	3.88645189539423	1
2.67783320552555	3.25317921449626	1
4.80342377254702	3.46694463279483	1
4.33441545815178	5.71492891870261	1
2.81748572449965	5.5621255636274	1
4.71419726144096	4.88920155878878	1
6.20494167861072	5.52088144451556	1
4.2405067572184	3.8877606520393	1
3.6745636902765	6.02112505912158	1
5.10359629283893	3.51989615468856	1
4.35253862471584	5.59701218911006	1
4.40332994123983	2.2861223408702	1
4.74624299087082	4.9096780410324	1
6.14971706580404	5.85903492286689	1
4.86638830030898	4.58335272722514	1
6.48014989254508	3.98345721976669	1
5.78830554825527	3.11530747745397	1
5.27723253096179	3.81498404365305	1
6.30331165236444	4.65223245348904	1
6.23125253187377	3.10122051995583	1
4.90157592017926	4.40151034996181	1
3.50383816833557	4.8358765029527	1
5.53586253672243	4.64776480376023	1
6.6822824542963	3.42624731059919	1
6.61182029156502	5.45889419852054	1
2.9760379469638	4.26874843983426	1
4.98138827056851	4.46351341631147	1
4.00606100247002	5.3470107895262	1
4.86536088298764	4.9970817386394	1
5.60896460665363	5.28616955725107	1
4.26573178853688	3.45121799083391	1
5.73875090544694	3.5274414225434	1
7.8267279683055	3.97646410547427	1
6.33985647262556	3.25952705757686	1
5.32479845138113	3.27896832932325	1
6.55772717608997	3.07334595496269	1
4.48698377781871	4.43829591018819	1
6.37156765612886	2.63252143509456	1
5.28103250910134	6.51468371882744	1
4.3386057342241	4.27591358456987	1
4.24204800177915	4.04429801338664	1
4.20650760852772	3.1877107824092	1
5.86310518873278	5.01273550806146	1
5.68025992880846	0.794538661047191	1
5.53420833013313	5.07233185678877	1
4.72564967509816	5.1554641215687	1
3.11294789939784	1.99878141321905	-1
1.50195209769056	0.374510166623159	-1
0.0734393415021919	1.28723321147699	-1
0.670042415372449	1.91247114043914	-1
3.52747329515841	-0.544239142078004	-1
3.14692041900839	1.72173743112125	-1
0.699004253350792	1.26805788797605	-1
0.954971509835836	1.32790483683925	-1
1.83626034593626	1.26551923124167	-1
-0.28345003824913	0.220948335334845	-1
0.912632383337345	2.07891663870052	-1
1.46510187514528	0.774241302634878	-1
0.49496889301282	0.504682378778737	-1
1.30962985753719	1.01331238140197	-1
0.702504168088306	0.637678026700802	-1
-0.0108233120202343	0.0159389679755182	-1
1.59037696480905	0.86573941682216	-1
2.36319100823747	-0.206819262375758	-1
0.323464048475693	1.02236930902342	-1
0.0542464051557489	-0.801294413237701	-1
0.427436566280447	1.06800548785081	-1
1.68817241166208	1.91800106101252	-1
0.51614516209689	0.980830788137236	-1
1.36081919359922	0.294321627284797	-1
-0.0524233106668648	0.906435770227697	-1
0.893426459837751	1.17953426232702	-1
0.127485497604572	1.47095965606711	-1
-0.313440339164455	1.27642447225475	-1
-0.715087290311942	1.2883393222944	-1
0.487625271463311	0.282093815462506	-1
1.03741343541582	0.439051432701712	-1
1.88622195108144	1.2877215013009	-1
2.01801885989033	1.06485123733452	-1
1.06047629947845	1.59115252440581	-1
1.8413693131178	2.25929091052127	-1
-0.544657591025803	-0.291898062123048	-1
1.20941733842553	-0.11004501446848	-1
2.79022937497222	2.67714348945046	-1
1.33572813480073	1.55764872636549	-1
2.0365845293032	1.84832130223679	-1
-0.322629533598545	1.60967050318003	-1
0.144724690598556	1.35162780752281	-1
0.234637470658866	1.82436604830288	-1
1.07615089506371	1.35861394882786	-1
3.43814068267702	1.9896790032433	-1
1.08980731848464	2.44814185678428	-1
3.37053321286232	1.58427429306046	-1
2.01657615302529	0.137121867460081	-1
0.731432938223711	1.51455742186688	-1
1.01510296786874	2.95491173873202	-1
-0.17605800897568	1.56681697685246	-1
1.88067524021736	1.22486125564853	-1
0.747384454304315	-0.0559647913441721	-1
1.07585937638266	1.62498968964714	-1
1.13914555175446	1.23324246759004	-1
0.137020866819553	0.180152402467963	-1
-0.0223976942459605	1.3125986103925	-1
2.06316114332039	0.0876370252233457	-1
3.44972800574529	-0.658705818496018	-1
1.04410537549976	-0.365196065521347	-1
-1.91756031723552	1.01635010303678	-1
0.549800299656469	1.3833238790978	-1
3.31427464577521	3.23350954453918	-1
1.19740423368523	1.41873532870766	-1
0.698668795489099	1.83196947581412	-1
2.33830410999919	0.819033101214819	-1
0.552306250270869	0.939854303327122	-1
1.54555945009673	-0.32774102158601	-1
0.184620551932559	2.414019046905	-1
1.45936953609781	1.25086977910154	-1
0.615036837321693	1.45361942768653	-1
0.534900580410416	-0.371404808817038	-1
0.131134884814837	2.42216327497736	-1
0.164374984367713	0.266106479020591	-1
0.539981650806548	1.54737508068795	-1
0.488207758132787	0.243307747086784	-1
2.13816993399271	-1.15732642136188	-1
2.80420000438147	1.95519878774049	-1
2.24771120154931	0.183038530024321	-1
2.60346576287694	1.71430835850754	-1
1.26456758104302	0.794831026632537	-1
1.44342393500795	-0.127073794247486	-1
0.407309693000355	1.19542526909898	-1
1.09240801158868	2.85536608198728	-1
1.30400697882487	3.41857854929816	-1
1.52307141809654	2.09348204326064	-1
1.24482846031021	3.3372016771208	-1
1.07094984547536	-0.80756488718829	-1
3.47020188611298	-0.415920338747187	-1
0.358712978621616	0.586111986639992	-1
0.743267534113057	2.43421228614149	-1
0.758294414828319	-0.298385638651507	-1
2.6062296156297	1.42285445606773	-1
1.06637288982899	2.25479562148751	-1
-0.425743031261713	0.960961916640501	-1
2.68246533022588	1.28878483623623	-1
2.05624444934589	0.0410482343520464	-1
1.06940889364279	0.972714193241686	-1
0.499812717457296	-1.3667103245399	-1
1.27594358454213	1.67939173765369	-1
0.06783284472683	2.56958058915574	-1
-1.83671187433094	1.60454994428896	-1
0.458642668192813	2.12659968333324	-1
1.30657853939763	0.428716452239642	-1
-0.0410739734763097	1.11024569599934	-1
0.654506729196237	0.523299279867119	-1
0.643679673816263	1.20173979035655	-1
1.49735051482631	0.555230407503917	-1
-0.776381989169439	1.07160401758961	-1
1.66967360385583	0.0499869535418316	-1
1.41856795494459	0.397384429881797	-1
0.759757084621701	0.0726128626357713	-1
-0.508357635286225	0.0741917811365649	-1
0.557614850528989	1.81123788851858	-1
-0.273886420190133	-0.215539269385581	-1
-0.0563968358580464	-0.190474232053141	-1
2.03155262380921	1.14267505151814	-1
2.68447048947132	0.914094461225355	-1
1.24957069755961	2.28820079422717	-1
1.74340736332355	0.91109484329389	-1
-0.0417893797130027	1.71135711416452	-1
0.703902078953625	0.83542148197376	-1
2.79269504352228	0.777989315953038	-1
0.630217317916932	1.64587635558092	-1
1.35653924272674	-0.339279626632903	-1
0.225802583838329	1.77540593734601	-1
1.14580988713801	0.762183734701803	-1
0.405882276629274	-0.169442105209332	-1
-0.729518154430689	1.07837135449016	-1
1.13876396989816	1.01082678192438	-1
0.211607304237853	0.227486470526587	-1
3.0346345580391	0.0821145816447396	-1
1.60930568840406	1.78331566168432	-1
-0.783494865466716	-0.104434764133765	-1
1.64823324091032	-0.391126172618973	-1
1.97310245745564	0.918813848914957	-1
1.31368405877461	0.849372870609097	-1
1.07668698089821	1.56574327085537	-1
2.66479969122267	-0.267792027480577	-1
1.32138989228735	0.884428149037348	-1
1.27363329469704	0.378298721324843	-1
1.77073472340605	3.29627591041657	-1
1.06735434241574	-0.0406688829428958	-1
0.912953123393655	-0.813339524168828	-1
1.27046720574687	0.688141552899624	-1
0.876190397110974	1.63717318631657	-1
-0.753208089751997	0.141320255409262	-1
2.45034030288872	0.12281713463826	-1
-0.668828231401591	-0.113792300302265	-1
0.0413386141927314	1.34953386104051	-1
1.63549929227747	-0.980615079301481	-1
0.971205352039712	1.39820080809714	-1
1.92335425043859	0.640727288283539	-1
0.0891440388331973	0.318478345842426	-1
1.66594028740461	2.13887465597363	-1
1.28612123001166	0.470985978315314	-1
2.04365261142014	-1.15860077559367	-1
-1.16131582646475	-0.969791618051766	-1
-0.0996183791046819	0.476948854678173	-1
1.31245018431479	2.00064801900938	-1
2.0329696639914	-0.108679954829064	-1
0.411161976022746	3.19089548060578	-1
1.03168105846581	2.45647288461886	-1
1.47880966725596	1.57319859085688	-1
1.01145722378539	1.28779750916407	-1
0.924687639619089	0.596096228557735	-1
3.38260483584849	0.184663809234997	-1
1.24829861671905	1.42829505411861	-1
1.5625069546252	1.18865098752926	-1
1.67098111484629	0.565366097943191	-1
1.60995857897505	0.113567975520438	-1
0.913997527075397	2.51271600645876	-1
1.28413312456376	0.92234943126389	-1
0.22899295294841	1.73166720298895	-1
1.37402609595714	2.33013887481965	-1
0.323978509639997	0.490943706966359	-1
1.29969935113882	1.64418505245733	-1
1.60988138377517	0.52599698922968	-1
1.04952355257488	-0.995498499134604	-1
1.10296124782854	-0.830526157573256	-1
0.356506314982241	2.9661942424991	-1
1.38750085693011	2.47827015096998	-1
1.29226392014146	-0.316159805962751	-1
1.4672046137524	0.184630633777383	-1
2.1764182566971	1.69482564986936	-1
-0.938261215635653	1.2627629697087	-1
1.15452075257091	-0.234325415778836	-1
0.195402498177545	-0.810079686602708	-1
2.09759044647724	0.85997312142062	-1
0.56101477322923	0.117442474730463	-1
0.428072595659275	1.09730621213521	-1
1.05019106576688	0.137315158694854	-1
1.68122779641809	1.36091116996849	-1
-1.0276260526898	1.307447298003	-1
0.519836347361106	0.627601809677132	-1
2.32779319046757	2.46975502782101	-1
0.907419683983227	1.6311636762894	-1
1.95888906615668	1.08892543609569	-1
-0.0249509434867712	1.68638486475752	-1
1.3400441792912	2.50291765534111	-1
0.373661123721084	0.194398125904005	-1
-0.506604920955667	-0.660619644342388	-1
2.59233838448043	1.04887621507413	-1
1.14127872420755	0.477640251904239	-1
0.307962111652594	-0.551504615934124	-1
0.628654499216361	0.778574601458891	-1
0.541479681475902	1.56736515717811	-1
-0.822478762027379	0.220124317902964	-1
1.14979939843559	1.22930761829023	-1
0.81125075419431	0.536694094845391	-1
0.805398479541489	1.04445080075382	-1
1.09615460439364	1.85121792073822	-1
0.811254949715428	-0.972048964392716	-1
0.422814142146812	0.484514307493425	-1
-0.138123625647009	2.84110279734348	-1
0.799591638205314	-1.03816025886894	-1
0.0105289423166852	0.200866777350806	-1
0.311400065500314	1.05306278917495	-1
1.66775739806411	2.97105817915308	-1
0.45218898460118	0.480292919183385	-1
-0.333369055522861	2.00115937362995	-1
0.662914943087623	0.463018922805289	-1
0.563573695631362	0.577761115381484	-1
1.77232740429983	2.25694617675001	-1
0.0413749605870195	1.17436271871305	-1
-0.563217731838075	1.93913571068358	-1
0.467991714752107	0.345993355437543	-1
0.998362525294048	0.969076645250309	-1
0.866471982728728	0.297964693926351	-1
0.994089005701255	0.800829324434606	-1
1.19831920342259	1.49894091554382	-1
1.27266792407078	-0.288014128667304	-1
1.49422921409134	0.925426164439458	-1
3.53588167752764	0.0936302159542279	-1
0.545645102313654	1.79220431228923	-1
1.22884760702503	1.09697354330387	-1
0.335124823154879	1.10574868134434	-1
0.148131513100305	2.62452385973384	-1
-0.854822285158103	2.46459225549623	-1
1.30485959518753	1.09035622321161	-1
2.30691666289284	1.21042659495515	-1
2.09968604023991	-0.207304178437014	-1
1.04413643826665	0.408068558077234	-1
-0.418417660180954	0.678713305632725	-1
1.67750882243934	0.947281670188196	-1
0.390846533702209	-0.353458613556412	-1
1.1080576991503	1.14377425272307	-1
2.45869100990016	0.196759394319913	-1
1.42448880747275	1.57964887592747	-1
0.850326942816783	1.39570799388357	-1
1.17238380443925	2.50736259257654	-1
0.965079811844467	1.10807076161601	-1
1.30220570744213	0.630702744913861	-1
1.04632432196819	1.45247729818197	-1
0.62518065302263	2.33598842430255	-1
0.338848565678838	-0.175056701693741	-1
-0.514788150837754	-0.669850764733798	-1
-0.0306738828887809	1.52890984233248	-1
0.705000358029414	1.36162529667816	-1
1.48739180308053	1.51193500163026	-1
-0.11570677255195	1.40599025451942	-1
0.96840184753251	1.23743298559695	-1
1.09952628687461	1.4523193932547	-1
2.75065337189469	-1.06522703937483	-1
1.73074382022488	-1.04181759710848	-1
0.361444349459803	2.43238999143773	-1
-0.264229678385981	1.77074464419038	-1
1.75090338611393	0.150088687723926	-1
1.14549276722862	2.36815005344695	-1
1.87112545508119	4.03845988600271	-1
1.87566817783939	1.74315018837661	-1
1.39166449068651	0.255628974919668	-1
0.640673656410963	1.55651827309813	-1
2.11078282073667	-2.34942700014793	-1
2.13665499053649	1.28825103264911	-1
1.83973461537306	1.18956135545417	-1
0.810811071777584	0.806076010580314	-1
0.667875028853383	1.72075553544967	-1
-0.941548875289413	0.22859539635672	-1
1.9276916720741	0.329222374199475	-1
1.27380635009924	1.43238606838095	-1
0.884579451173596	-0.595533386645206	-1
1.2302995219739	1.22579673912891	-1
-0.324002108546454	1.82837081822093	-1
-0.704436879932353	2.70966294557644	-1
-0.362980124314835	0.6605392141142	-1
-0.76770474837507	-1.70252233606262	-1
1.37511251428638	0.0443807053375271	-1
0.524747706116218	-0.781334456474496	-1
1.00471030542634	1.48554240316225	-1
0.521376657006174	1.68853003972473	-1
-0.48143096730094	2.88123086619264	-1
2.32349568844615	0.749085804523628	-1
1.11594995091329	1.47319807562832	-1
0.736640410980528	1.37609095202979	-1
2.45416042262837	0.214854718056171	-1
2.33246100659668	-0.50094798411637	-1
1.42015938749629	-0.576679566538918	-1
1.73053515327305	0.646486929238425	-1
1.24271110779077	0.0862261207344889	-1
1.11644410180242	-0.650052627679031	-1
-0.103373360119987	0.547720480106451	-1
1.32073187013124	0.191842390547711	-1
2.17413371900176	0.0936007278014305	-1
0.478518375943853	0.438164634350702	-1
3.10161723391638	0.728138112340692	-1
0.147992249138737	-0.191250152555073	-1
0.763912385067277	2.0450631831249	-1
-0.274835673219222	1.08815126551039	-1
-0.654765313710201	1.82212399992454	-1
2.56465964721209	0.673625486794639	-1
2.86946124205977	0.290679190423341	-1
1.18473109701354	1.66613010660328	-1
1.9414658631095	-0.661164909752207	-1
0.210980645556835	2.83459542972873	-1
2.32146246636827	0.62002475475486	-1
0.956492403245498	-0.13655267592361	-1
1.50647327119854	0.297292686358887	-1
0.810347998118471	2.05958193251285	-1
2.52241622809284	-0.673907246112205	-1
0.456418625181747	0.684998735396513	-1
1.60226136148497	1.20707609926243	-1
0.468707434493706	1.15644815537335	-1
0.51316173551244	0.456597211385734	-1
2.81810177398013	0.805585056140685	-1
2.03688072522279	1.9468189653899	-1
1.02732168696502	1.42604709537489	-1
1.0077802997735	1.1208886381039	-1
0.967030182316423	3.15593213908444	-1
0.361335944714901	1.52038471516471	-1
-1.2986153547297	1.1703604505849	-1
0.855701695019588	1.27074345831028	-1
0.303829735205197	0.141718710970672	-1
2.83713651286078	2.12820996029596	-1
0.161831258592825	1.27375125093569	-1
0.593869426576595	0.0880082494348426	-1
0.447856198573371	1.02760058406906	-1
-0.347451772070148	1.36413495505267	-1
1.10995748284549	-0.254019595292602	-1
2.34291565329494	2.15392916427537	-1
1.20665486804799	1.04811129392731	-1
1.12678145368515	0.301651731365946	-1
0.835419368365074	1.84091532428114	-1
0.875062829180303	-0.494692142453343	-1
0.578984811109372	0.699124877557244	-1
1.06966129534052	2.68907401493678	-1
0.292315532652402	2.68855500366216	-1
-0.412793112797941	0.465987264406552	-1
1.60175672553348	0.47211157792476	-1
0.387354870722545	0.707189332564154	-1
-0.376304388033562	3.12234542359264	-1
0.477918295464831	1.96309848412743	-1
-0.172973718837741	0.301267140635734	-1
-0.0529119521966388	0.642441698579529	-1
1.97751392411294	1.46493037606751	-1
1.20897368113923	2.20598333575034	-1
-0.667212299064689	1.16522742991373	-1
2.48736828264069	2.37927299320049	-1
3.37613163574952	1.87220624321068	-1
3.55005516008979	1.84093719867159	-1
2.92521041046779	0.913982023151397	-1
1.90118379359518	1.91681285555477	-1
1.93909704846904	0.765950769583684	-1
0.511282832030345	0.943281491195448	-1
-0.820956870970124	0.50659119591648	-1
1.59319764721214	1.21431490513104	-1
1.15063080209808	2.40038679748391	-1
1.62422877520238	1.67789966977399	-1
2.84856245856011	1.31662184139025	-1
-1.46218298224439	1.58109170179024	-1
1.58601211087562	1.25752933678894	-1
-0.0973528917209816	-0.0567665312093235	-1
1.07751445587774	-0.343531615343685	-1
1.38322599791647	3.37089465849751	-1
0.257813992501403	1.49606454486201	-1
0.446716983607833	0.676895911492715	-1
-0.172461720127614	1.78386637314686	-1
0.709918475742727	-1.54172893648562	-1
0.600486447730328	1.31138571343296	-1
0.424913890793847	1.64787262735712	-1
1.07199635555865	1.88384035743078	-1
2.01506239051216	0.556467845769379	-1
1.62101827076926	-0.0605548512256076	-1
-0.00616016085030124	1.38836325684415	-1
0.269318961896276	-0.461017367669459	-1
1.73121088173763	-0.439194802330553	-1
2.36544162739264	-0.131406255396681	-1
0.213916425607229	0.816454977934965	-1
1.00493253384464	1.04127052942365	-1
0.878360353459564	1.84274480438556	-1
0.974744925617887	1.1035715627786	-1
0.793461681949822	1.90089848828799	-1
0.154217535861295	0.662369310091235	-1
0.83631681603772	2.20012366029729	-1
1.7558643426319	1.76340569254576	-1
1.60775048662309	2.66469106668179	-1
1.61552384253763	0.833375759058717	-1
1.14451033842108	-0.592953385181595	-1
-0.163525051641396	2.05759551835219	-1
-0.0090950786154449	1.45113423026866	-1
0.696781445122228	0.980043226866626	-1
1.13932688364477	0.348523635531662	-1
0.457010380968762	1.33382765813773	-1
1.87073599989982	0.708155647259758	-1
0.608247858644643	1.31576055786719	-1
0.933034648914174	1.25816554788384	-1
1.03120160407968	2.08289330054931	-1
0.309656849558178	1.52238200445701	-1
1.46954301063874	0.654670376788452	-1
-0.0333928572463293	0.470637378839116	-1
1.83666284430459	0.0124827580022928	-1
-1.67559464097505	2.04322898506335	-1
0.818320009830787	0.729377910872345	-1
1.60779841776272	0.791766787813235	-1
1.2375504766314	1.36632919521374	-1
-0.0119946375263975	0.912886394124586	-1
0.207280022339532	1.2907812751663	-1
-0.319370079038405	2.37313250720463	-1
0.587074336691602	-0.622276592032343	-1
0.493126012566784	1.62998468927485	-1
-0.680765073251496	1.09293391797729	-1
0.588448348464878	0.832040533248773	-1
0.917815609311439	0.695915821807221	-1
1.99500424460879	0.536058235979293	-1
0.443996965595612	1.11453912195914	-1
0.311077081682528	0.00245837874859889	-1
1.98052971672444	1.08295522415983	-1
2.73690306902338	0.588677145530043	-1
1.56293238008457	0.635949834676228	-1
0.579120612723091	0.620918895698301	-1
0.413050442036123	2.19692818853176	-1
2.45083080832466	-0.896347950887505	-1
0.0427977659811579	-0.65432831825163	-1
0.293541814820332	1.52810726129325	-1
1.96093366485499	-1.10239939527612	-1
0.121894007015171	0.426759412675914	-1
-0.336550425488904	2.09617294057385	-1
-0.898828541580235	-1.38373281760769	-1
0.671433912894389	1.68229975945273	-1
-0.516522623541275	-0.626704927936174	-1
0.343210721807486	2.83765040172424	-1
2.03745637551677	2.62156218991553	-1
2.28207032046557	-0.239167248589799	-1
0.552048117095971	0.502582002486317	-1
-0.0183984882029005	1.01439155837372	-1
0.18403284315393	0.168029516731188	-1
0.225278946249637	0.114018610747044	-1
1.78094279070633	1.51545923053587	-1
1.39536927057419	1.04914134465819	-1
1.62181958167641	1.31226359099068	-1
0.256119974643919	1.83672813027157	-1
1.23361249505719	1.92992367941992	-1
1.47521513258643	1.61731699805094	-1
1.75365571003117	1.23185842747391	-1
-0.858023725539903	1.45299247340652	-1
0.807565114362084	-0.576205817447614	-1
1.25064783277256	-0.482644240842466	-1
2.40369241033087	0.993526690850803	-1
-0.167616755265604	-0.467517426578375	-1
1.16313329446157	0.418498507341933	-1
2.13404987486812	1.33033977424786	-1
-0.718842119721582	1.43113753594132	-1
2.90241297106594	0.259900660690785	-1
-0.553357169172072	0.610563206862099	-1
0.154551796564889	1.29526201921136	-1
2.11609811660268	2.06520785934019	-1
0.66306204374947	2.24308267440677	-1
0.631274788212539	2.79262759748233	-1
0.856378094874768	1.07158224730332	-1
1.55536116428394	0.903186145711609	-1
1.24956032481419	1.27938668163173	-1
0.604173071383705	-0.618086262217141	-1
1.21025169154137	-1.08877351738794	-1
0.0229238044100729	2.30936955137906	-1
-0.0943106269300213	2.13252814586573	-1
0.659518864127595	2.03445527369974	-1
-1.48980139516916	-0.449054012031839	-1
-1.81641951057936	1.11389657423617	-1
1.18296563940046	2.45246375060591	-1
2.60694806286216	2.07792255792275	-1
0.889440668199114	1.73588206068023	-1
1.47215250399463	1.77336290292952	-1
1.0502708732314	1.24323659172082	-1
0.993345809544076	1.70520241868995	-1
0.283281244533756	1.44641989507311	-1
1.26621950010374	1.88256375662579	-1
0.708890257961883	1.51933870167916	-1
1.93179604952025	-1.13504570103667	-1
0.277309134107746	0.666343874296067	-1
1.46020656759488	1.04427150929717	-1
1.47291025070224	-0.126119420760565	-1
-0.902942633789405	-0.420361686947461	-1
-0.546220571947006	1.14973117593777	-1
1.54565963254959	2.26107664548291	-1
1.85327964479519	-0.394804452963947	-1
2.50428811496781	3.00494249510959	-1
0.375800903212919	1.63786212302148	-1
0.320385795034572	2.31566989945816	-1
1.76877597770831	2.55912502424865	-1
1.05782975888097	1.89127394393858	-1
1.94912764243149	1.47571706516188	-1
-0.175274924043864	0.832226161842709	-1
1.24998098136963	0.637204930097139	-1
2.00030789802531	1.16025359515669	-1
-0.30917033329382	1.15951209788503	-1
1.63863255680209	0.541882585227582	-1
0.122990482938389	1.62521576294487	-1
2.04821507415596	1.47039028386927	-1
-0.769339905828212	1.8080350965317	-1
1.26573858054908	1.05141512532057	-1
0.995801866141259	-0.352671104329873	-1
0.490848886296911	0.427975539580092	-1
-0.372920126351655	1.74855995134263	-1
1.31277245350136	0.311834034051884	-1
0.437357837758899	0.720346036836971	-1
-0.173658803398249	2.40270508416766	-1
1.00994741931955	1.51106401424448	-1
1.06665976508239	2.35307711537492	-1
1.22122042619669	2.69842353130973	-1
-1.56056765913512	-0.676110705545413	-1
3.51997118549021	0.384413737778139	-1
2.38690163956641	0.1097452343276	-1
1.32434561164761	1.53930633798875	-1
-0.388813442700277	1.10773887296977	-1
1.97453572010999	0.840911653851554	-1
-0.299785946833989	0.637207313992535	-1
-0.821967287105777	1.55076642867947	-1
-0.927727537555239	-0.099279870064898	-1
1.69226510489281	0.337241635999812	-1
0.268786585956692	0.626854165258568	-1
0.307873987688746	1.29196647313725	-1
4.49675641040335	1.44624120387998	-1
2.56084178674027	2.23900602493997	-1
1.84408413901725	1.2258401682457	-1
0.230305772018192	0.995770849978902	-1
0.315954862295559	1.44448184829505	-1
2.93285395619951	3.75929786086261	-1
1.0069004816238	0.145153812424908	-1
2.03646532342788	-0.00696602516537115	-1
0.359225710152763	1.13334333342405	-1
1.51437991592074	1.40524947559619	-1
1.38982829352554	0.662835884048036	-1
1.36597268800234	1.87999024417114	-1
-0.427725413724397	0.964692471779782	-1
1.04394016626065	0.662985135395984	-1
0.636256453688649	0.203885736270407	-1
0.628778698213066	1.08736236392675	-1
1.47937977275827	0.757941124780314	-1
1.68357128098128	2.337989549459	-1
2.22228527969434	0.758779829811361	-1
0.380033508599402	0.914195594656818	-1
1.36872536752218	0.93148152193229	-1
0.618356326002916	0.657525609063426	-1
2.09543830804786	3.45940924709171	-1
-0.682136855947595	0.424620570194581	-1
2.1659123423035	2.03301705666595	-1
-1.53154193772764	0.353612083392993	-1
-0.954128743051158	-0.480347254398126	-1
0.883697866805752	-0.460488472622581	-1
1.50774942076633	-0.370414609904544	-1
0.824712167706928	2.34037710169965	-1
1.29370722618711	1.68313873388176	-1
1.80340469291547	0.0898255991227918	-1
2.95911784278569	-0.449368897992694	-1
1.30435121935878	0.996157933170209	-1
1.65071699859731	0.986961829974549	-1
0.381574143642152	-0.229341595247182	-1
2.84308119282284	2.57613275862673	-1
2.21185183015545	0.602058111347052	-1
-0.758225995060916	0.0756855034558909	-1
2.35025464739134	0.582098362757275	-1
0.643413486976967	-0.14675339685009	-1
0.172420508020472	-0.00606486409004536	-1
3.23109305513434	1.17091139765407	-1
2.17517741495678	2.1739836753989	-1
0.142469262607003	2.0592196782262	-1
0.92013691191445	0.0653930208641613	-1
1.79137456108898	1.18957980965168	-1
-0.634240516021843	1.04205803807903	-1
2.00249402603895	0.921150152871841	-1
2.42823431934711	0.328978956309163	-1
2.55867160152409	1.7153180940903	-1
1.15024531698753	0.87207550573065	-1
1.20205555762771	1.91348335868131	-1
0.455432989617488	1.05339286314887	-1
0.935068705456108	0.087621782969713	-1
2.17777505753728	0.894336021484982	-1
3.6124144078967	1.50107024761069	-1
0.233567509999906	2.40287899390035	-1
0.846139590246446	1.13913066691067	-1
1.33765316716744	0.155323331143219	-1
0.90343124232524	1.41895239362872	-1
1.04133255993437	0.432700029359488	-1
1.3322148962706	0.941769935191298	-1
1.261360809125	1.86673608999221	-1
2.16817589222247	2.44072845021985	-1
-0.272685651029036	1.00640325363416	-1
2.23941512617688	1.09064307552781	-1
0.338186499124113	0.966155919521072	-1
-0.111830739164926	3.0462241303759	-1
2.30634899704426	-0.0439190414946486	-1
2.6644345247695	1.25745785858465	-1
1.31171297804624	0.889651165309117	-1
1.7159164020564	0.782697817323944	-1
1.23532021676753	1.63431945178252	-1
0.916234958125345	0.710414930556444	-1
1.10698251011731	0.891621219635605	-1
1.41340038870487	1.02592156080171	-1
1.28203669474978	1.23608305650643	-1
2.90227582312543	-0.427185726249639	-1
1.16435801647016	-0.1712549064533	-1
0.0290066596003498	0.958386435541815	-1
-0.446064288388559	-1.40891756425053	-1
2.24721961140725	0.39225444906017	-1
0.568941275212887	2.99149847382578	-1
0.897762349503874	1.81937533619655	-1
0.715887145754458	1.98112806350156	-1
1.97322445817427	2.8375900174571	-1
1.48166311468531	0.203420405924556	-1
-1.72926330692893	0.689954060153325	-1
0.222484162622919	0.320246265900847	-1
2.04423496849045	1.56572575275647	-1
1.08839498826915	1.60454239423246	-1
2.12966911302531	1.35445488477909	-1
-0.446712278254141	-0.562681746235721	-1
-0.642803094832315	1.16025872792553	-1
0.876752472937628	0.313807733607232	-1
2.28377324796331	1.15915647958708	-1
0.631889836848857	1.58183718095611	-1
1.47440093017729	-0.731620825252236	-1
1.92583626102911	1.32814839435153	-1
0.473225076391869	1.04466638624832	-1
1.40680295329231	2.54184054173715	-1
1.01345733142445	-0.0633154609443503	-1
0.296301577037975	1.5940433385964	-1
1.05760981940812	1.9175841648606	-1
1.74675959610258	2.79823344163266	-1
1.33118790028844	0.931416400528118	-1
2.34728041563454	0.826150747571984	-1
1.76383726738822	0.859092889723416	-1
0.225806157660885	2.07376969369055	-1
1.20237078997685	0.0324880660593873	-1
2.86571714373081	1.14784474044912	-1
0.613190150397654	-0.604302886673765	-1
0.906623027001343	3.22590873025593	-1
1.73378699337851	-0.296028951784591	-1
1.49234406269769	0.221575447487479	-1
1.26442027242848	0.324279473711777	-1
1.49813794119002	0.811672080919694	-1
1.23789877019716	2.76137703737299	-1
0.235456493152157	1.70284553106916	-1
1.95637108970332	-1.18215711296008	-1
-0.172393539511318	0.109014739327622	-1
0.247492458576103	0.405044456269189	-1
0.721793751522472	0.357885923815246	-1
1.57006468104177	0.0244960039716006	-1
1.44578615577586	-0.438580945266833	-1
0.921398650904159	-0.797263056331471	-1
-0.47937985845571	1.55045758573575	-1
-0.145222155614897	0.646243290491196	-1
-0.0554978435060964	2.69556356267577	-1
-0.930708434203479	1.19778877615288	-1
1.83851865512271	0.706462533413122	-1
0.527046584103556	0.374567772972555	-1
1.49155581079329	2.9776361814351	-1
0.0996018347267821	0.663064169876231	-1
1.15545746804873	0.353328397758895	-1
2.62002344589691	-0.343332474275364	-1
-0.51965528989822	-0.734998633668007	-1
1.08733137576373	2.62861657905099	-1
-0.277988838754119	1.88353336995108	-1
0.720278133328396	-0.647425590142375	-1
2.49914333840369	1.7968972057744	-1
2.95619671762147	1.76546915818418	-1
0.144001737174456	0.0926258692457124	-1
1.46899892545546	0.268169061670076	-1
-0.216663469084786	1.98862612295367	-1
1.27337676767973	-0.529612737746697	-1
-0.596593584303443	0.768105686068791	-1
-0.0379559147855457	-0.74268039771136	-1
1.82332904790457	2.96810035177326	-1
2.81997294522418	0.581902798270104	-1
0.330474703862013	2.36581456483679	-1
-0.647721505062868	-0.450842154685178	-1
0.611763964893194	0.369236860985395	-1
1.46578677803449	1.38302348174177	-1
0.349223179385866	0.376771033942658	-1
0.481434673666774	1.59180991872595	-1
1.32365379579236	0.497790689955036	-1
2.16069633258984	1.78906896491684	-1
1.99623969530217	1.31348485744688	-1
0.594842863066011	-0.302895483659607	-1
-0.00230980549013649	1.85731459131871	-1
2.2153378290017	1.11449337841041	-1
0.407720487491761	-0.723174972366626	-1
2.0780590804316	-0.46774619088654	-1
1.74324606408717	-1.07437936592094	-1
2.30142710164952	1.28266478928641	-1
1.91353308851027	0.412881411956122	-1
2.40860226347395	0.35128213371961	-1
-0.818789917907399	2.19777964989967	-1
0.174204991677258	1.24566335049512	-1
1.01839420228662	0.829788582949966	-1
1.2314086241377	0.0845583332564426	-1
1.45133825605712	0.331610363523152	-1
1.79187390826749	1.13172183966628	-1
1.3228925219341	0.345399827744237	-1
2.02252671224621	-0.50008934310667	-1
2.00351555169796	1.68065927581666	-1
0.719806074739889	1.76269130043066	-1
0.839698248034418	1.34416021699676	-1
0.444199002858555	1.08697755379896	-1
1.6682682872918	2.45623473154995	-1
0.605737687822222	0.470372491435115	-1
1.55431275528161	0.0875960720520569	-1
2.25406285646163	3.08112174331735	-1
0.60863837723875	0.878076018764324	-1
-0.60510607047549	1.4093201659536	-1
-0.36310099584896	1.19628398541087	-1
0.207722719928548	3.32063041099623	-1
1.64158583057341	0.491430202050819	-1
0.32684195374695	1.54321605685396	-1
1.70803358500703	2.01983296298068	-1
0.0151637817467857	3.25179229598585	-1
2.53511843325035	1.86384435738075	-1
2.64281336896606	2.66339983542836	-1
1.36199566701509	1.34749932897178	-1
-0.310826264600973	1.1556050696288	-1
1.4114578937409	0.593100249427301	-1
3.49437063668867	1.30819066934433	-1
-0.0150614095508295	0.643447722002377	-1
0.711816992444207	0.423011752158558	-1
-0.734506422738142	-0.565080767150355	-1
0.0200693461100314	1.411925876402	-1
1.93770280562455	2.03288159450506	-1
0.729048808670169	1.65631173102398	-1
1.91866986970978	-0.0499863972134442	-1
-0.241227884732471	-0.441578752037384	-1
-0.194972974627631	1.07277588984721	-1
0.866862934308794	0.999277670843971	-1
0.417174801544013	-1.03355935587642	-1
0.232402050492415	0.806824996530632	-1
0.862144626545131	0.602786285631287	-1
0.223246170300797	2.0743281886692	-1
0.315053436283119	0.158734166823843	-1
2.1523288875495	0.900207775381438	-1
1.35090891458841	1.75477547142204	-1
0.398488222841188	-1.0792683305015	-1
0.050292387237276	0.331617601082607	-1
0.962724356093236	1.77676055276128	-1
0.70054894667795	1.00663381587491	-1
-0.00646084078804754	1.63803324138959	-1
2.71024706349298	1.69310517529222	-1
2.05551999911598	0.836776068936431	-1
0.0554490754763014	0.95747549200583	-1
-1.20730168791987	1.37025962260919	-1
0.444992954468764	2.57639305335699	-1
1.97524874639074	1.91393416522318	-1
2.28387061939825	1.95016897045378	-1
0.445645654018588	0.139743891401168	-1
0.452104364144958	0.96185978505797	-1
1.14805761711945	0.394991642074165	-1
1.07967883625682	1.5909195472272	-1
1.68298075793677	1.93147501639281	-1
0.689875563198261	-0.285378998930431	-1
2.24917089954453	4.05953379196384	-1
0.618146142737461	0.793560030087192	-1
-0.5129728184115	-1.64772130707082	-1
0.895845536244015	-0.299829793829673	-1
1.14237058155815	1.26106249786719	-1
-0.012165556896824	0.576673828861255	-1
-1.34443793863793	0.559915960688796	-1
0.688341768396316	1.47135574366242	-1
0.64919240566444	0.452447235371129	-1
-0.919575103008922	-0.302905657757681	-1
-0.965538655498923	0.891368666577599	-1
1.48618447444252	0.747003530128976	-1
0.628143699690721	-0.541115553737495	-1
0.965908922737647	2.82630896354718	-1
1.04081625535689	3.35435638086359	-1
1.30971603635175	-0.533960653986581	-1
1.42498884862704	0.114899905574941	-1
1.74203585793873	0.880933562162587	-1
1.42555876131319	0.307713992631386	-1
1.087184558664	2.32475469796327	-1
0.396289707741315	2.01342560666849	-1
-0.447412106560342	1.3921753753266	-1
1.10394344477608	0.674398491519458	-1
0.955200364800277	0.748858001264589	-1
1.13472656850495	1.23518616725694	-1
1.82642735517882	1.77789926700542	-1
-0.0843632280554394	1.89160302529766	-1
-0.824498109550069	1.66257165668643	-1
1.8998248848283	0.754211223314508	-1
1.82592455215979	1.88826533884758	-1
0.634376879874861	1.51546648866754	-1
0.121723390388422	-0.140766102689402	-1
-0.106686182667068	2.04768648700653	-1
0.140999413873185	-0.111211171850936	-1
-1.30341773581688	1.73203251705534	-1
1.55717549803525	2.10506915095867	-1
2.27321219665624	3.03418782168499	-1
1.85394121512461	-0.334359487419541	-1
1.15820476987113	0.51715711635929	-1
1.54276163671927	0.724921004584957	-1
1.07155502866902	0.725096986204506	-1
2.34779960377032	1.85989236290461	-1
1.26342577626052	1.3019070940569	-1
0.381746009890546	1.39348835395648	-1
0.869827847693138	1.09976928357077	-1
1.44221779578301	1.78906055891105	-1
2.72534258008831	2.15005288573353	-1
1.74585466371914	1.28912758786912	-1
1.87408624685053	2.63074734852026	-1
0.861510501342694	1.76711395677003	-1
0.538262734187044	1.0987998735252	-1
0.403085916174901	0.057527135307935	-1
1.0753439695052	0.782057164593911	-1
1.02292335122498	-0.617511711405511	-1
-0.43707793510611	-0.0950854766549674	-1
-0.847866356349442	0.977241848741775	-1
0.713543808762533	0.860251643320307	-1
1.38887369488609	-1.42361610984605	-1
1.53286557525765	2.41544444648125	-1
-0.0560829647506793	1.25353267166737	-1
0.253463544310151	0.247199498189449	-1
-0.710931944348847	3.09697735955073	-1
0.450374742716022	1.2207300641444	-1
0.177264943064317	1.10133278552057	-1
-0.46571856102645	1.73403554296817	-1
1.60312282052909	0.950164717506162	-1
1.88866596905235	0.816516509641555	-1
1.63332336629793	1.31025385591391	-1
2.23878707472115	1.28695295481896	-1
1.15642443052838	0.116721374401648	-1
1.81262165048505	2.01357477449154	-1
2.65886586112754	1.82354725082823	-1
1.60927217218743	-0.235763211767801	-1
0.848430453876594	-0.357105359341956	-1
1.09780689439992	0.763373351711689	-1
0.711215561791543	2.43031467792561	-1
1.1121526453995	0.538996549620531	-1
-0.107045678334282	0.429468331240211	-1
-0.599346377949156	1.36344685817861	-1
0.808406713004046	1.01400241753899	-1
1.08434496636047	0.78059597921178	-1
1.25947909060986	1.87042124512575	-1
2.26966823284378	1.33192847780444	-1
2.19248051037956	1.19200434490964	-1
0.165695029260881	2.62133977135788	-1
0.757938327509429	0.0527154211902443	-1
-0.92004787885327	0.303862712533585	-1
2.62768899390246	0.89150931273721	-1
0.739761183602989	1.46641825456362	-1
0.945391225729848	-0.583790080005517	-1
1.04034687327446	-0.125524883085607	-1
0.786757111697813	1.07135223548734	-1
0.94049132942938	-0.315188573828768	-1
1.50593153027898	0.963161522331663	-1
1.06334613764644	1.16559174728066	-1
1.07504408351812	0.970061053956217	-1
0.762565597447821	0.470327509121413	-1
0.134981321268844	-0.317668927802691	-1
0.527934682328602	0.823992928971322	-1
0.172370188173286	2.59936446654315	-1
1.69622696456736	2.85890035348765	-1
2.9422300720365	1.02128125542757	-1
0.887129930030156	-1.09469154043616	-1
-1.0688955587079	0.214492844170948	-1
-0.0999895260071419	-1.06486810977212	-1
0.611099004505479	2.25749998187066	-1
1.00023808349755	0.869027009282243	-1
-0.768538574824878	-0.375803050161896	-1
1.89381763579292	2.39116623319907	-1
0.310835150389439	-0.139708963006716	-1
1.84305379560566	0.755066088302126	-1
1.10024563804996	0.643498127950628	-1
0.690276267502805	0.747202928687721	-1
0.139447046890957	3.00732246900279	-1
0.182007009231796	0.47735008559243	-1
-0.171286541137208	2.13711252680219	-1
1.1250240555178	1.18655586234934	-1
1.6530242834281	0.117271406581339	-1
0.923356495761827	1.04901111952966	-1
0.393411291399017	0.309061997140973	-1
1.62139776522688	1.7817533112769	-1
1.87688420802855	0.664358300626391	-1
0.502899729703477	0.531212356500969	-1
2.91745288985803	0.268719967000955	-1
3.03292095071138	-0.159400352912017	-1
1.67062956052219	2.40135451010193	-1
0.127452167088583	2.94725713158816	-1
2.64381873790834	0.351229897882551	-1
-0.698674248148258	0.920575795810374	-1
-0.622832066700232	-0.285575533362393	-1
0.451395725324199	1.25743762960841	-1
-0.690789302480852	1.43539386117773	-1
-1.12352008688872	1.79368577592509	-1
1.54796729772274	2.08163618098212	-1
0.975632173435602	1.02969864428263	-1
2.18898094100473	1.05196632885391	-1
-0.165432351055018	0.486271661258139	-1
0.863077300708836	-1.4929580015627	-1
0.826696632962354	0.904188407321228	-1
0.0538377601340665	0.895982580817117	-1
1.18073060456206	0.0480065679919073	-1
0.22617891141094	-1.41847893266416	-1
1.10046547854494	0.0166847867003281	-1
0.838116908139962	0.992254966577608	-1
2.72290533851594	1.27972810148932	-1
-1.55986283946984	0.317872331721878	-1
-0.431198263480129	1.11060893025197	-1
0.531769066074662	0.809673956115999	-1
0.36603034705153	-0.203252690299612	-1
0.0992023158224735	2.03927591421259	-1
0.821528632515786	1.2285547708345	-1
1.07749928774047	0.589244909767961	-1
0.373846638153688	2.09341620375524	-1
1.31886243276017	1.00640446759393	-1
1.57601587005359	0.796752792008514	-1
-0.536947246801573	0.865742148174946	-1
0.667377072264981	1.37337248803382	-1
1.00958571058211	2.15571711212915	-1
-0.748758609131023	2.88404729018516	-1
-0.111291464224712	-1.93751803540547	-1
1.51748455301239	-0.0414632274474467	-1
0.553588325132508	0.0372980584594075	-1
0.936240384562721	-0.493722649475953	-1
0.371055080878391	0.00841149561411481	-1
-0.169213179581501	0.878857946745759	-1
1.73357764942336	1.75745170950466	-1
1.05150704971423	1.10461098542204	-1
1.22294819589759	0.522971169556151	-1
1.52883311649725	0.421803308777248	-1
2.37495501282217	-0.15586832926399	-1
1.49374395819937	-0.178422332645279	-1
2.69667310138111	1.13425490440265	-1
1.14549209228434	1.4816225748627	-1
0.954448911830341	0.457410990896266	-1
0.416414404015287	1.05529025495466	-1
1.72968963041733	0.61759396535549	-1
-1.48970270808786	-0.25083277631478	-1
0.128540772148794	1.20396698997807	-1
-0.473575746011522	2.23035528621073	-1
0.502701883627996	0.861218843729989	-1
1.44553469601001	0.403754213118664	-1
-0.969466414212123	-0.650200147159648	-1
0.562292410664602	0.975729156125393	-1
0.590634965734764	1.1096050444862	-1
0.248920467653205	-0.26991239736826	-1
-0.511089394829823	1.96732054074101	-1
0.825894068890818	-0.00411268095880679	-1
-0.524450298547457	1.55885454492328	-1
1.41542950553425	2.51296010866971	-1
1.10755069298834	2.21021441835098	-1
1.78857422956068	1.9712847120431	-1
0.55685228941475	1.23637089971353	-1
0.479133666735916	0.583579286969262	-1
1.17304235711983	2.03631088522289	-1
1.75867409424077	0.359698859391029	-1
1.221053445305	1.41389158592012	-1
1.18366205729573	0.798001422511246	-1
0.762515636151678	-0.105749666350571	-1
1.88772665715579	1.76796975975884	-1
1.73149267416291	-0.87110923261761	-1
-0.0129817586388599	1.7607168794743	-1
-0.0579347144177167	0.558674918775829	-1
0.866361706078837	-0.923825863031896	-1
-0.429326815473093	2.09879519059497	-1
1.71400038919783	0.95126683973245	-1
0.98899525790102	0.295773133871797	-1
0.377585272425553	0.445877217284925	-1
1.635463458041	0.066321333458525	-1
1.44162905784414	0.407960988967271	-1
0.263163168067727	-0.315142391375339	-1
-0.176552571004346	1.96067758652975	-1
0.788470970656439	1.01659095924575	-1
2.47053954008806	-0.512172140555572	-1
3.14958581516334	0.748664007838909	-1
0.578925591068438	1.22226516448205	-1
1.53286256371431	3.875736931769	-1
0.396437962235294	1.52163253349318	-1
-0.476781564994204	0.81944477558855	-1
0.245505212746254	1.14641778003681	-1
2.38241734490181	0.43434236237642	-1
-1.50791628300519	0.217437071164633	-1
0.285787911435007	0.192291920902207	-1
1.74880782834928	0.399440755045562	-1
1.43362129647521	-0.816750580213802	-1
0.742456012753569	1.86903686346453	-1
1.94564311298963	0.918685832782748	-1
0.933286375210546	0.749789040363159	-1
1.44213457130276	-0.481971920700203	-1
-1.08434368024049	1.96249880759096	-1
1.66699164873505	0.436870323031814	-1
0.394816900483103	1.60608850470039	-1
1.20945602096379	0.602122823495491	-1
2.067775190406	1.4656594263823	-1
1.59714857437219	0.472351594217196	-1
1.93357610200998	2.30624541168422	-1
